Workbook
Name NativeTimeline_order_date: #N/A
Name Slicer_order_status: #N/A
Name Slicer_product_name: #N/A

Sheet Dashboarding of sales
A3: Sum of sales | D3: product_name
A4: Years | B4: Months | C4: order_date | D4: Air Compressor
A5: 2026 | B5: Jul | C5: 19-Jul | D5: 9800

Sheet product_name
A3: product_name | B3: Sum of sales
A4: Air Compressor | B4: 9800

Sheet dashboard

Sheet Order status
A3: Row Labels
A4: Delivered
A5: Grand Total

Sheet orders
A1: product_id | B1: order_id | C1: customer_id | D1: order_date | E1: order_status | F1: quantity | G1: first_name | H1: email | I1: product_name | J1: category_id | K1: supplier_id | L1: price | M1: stock | N1: sales
A2: 1 | B2: 1 | C2: 1 | D2: 46204 | E2: Delivered | F2: 2 | G2: =_xlfn.XLOOKUP(C2,customers!$A$1:$A$53,customers!$B$1:$B$53,,) -> John | H2: =IF(_xlfn.XLOOKUP(C2,customers!$A$1:$A$53,customers!$D$1:$D$53,,)=0,"",_xlfn.XLOOKUP(C2,customers!$A$1:$A$53,customers!$D$1:$D$53,,)) -> john.doe@gmail.com | I2: =INDEX(products!$A$1:$F$51, MATCH(orders!$A2,products!$A$1:$A$51,0), MATCH(orders!I$1,products!$A$1:$F$1,0)) -> Dell Laptop | J2: =INDEX(products!$A$1:$F$51, MATCH(orders!$A2,products!$A$1:$A$51,0), MATCH(orders!J$1,products!$A$1:$F$1,0)) -> 3 | K2: =INDEX(products!$A$1:$F$51, MATCH(orders!$A2,products!$A$1:$A$51,0), MATCH(orders!K$1,products!$A$1:$F$1,0)) -> 1 | L2: =INDEX(products!$A$1:$F$51, MATCH(orders!$A2,products!$A$1:$A$51,0), MATCH(orders!L$1,products!$A$1:$F$1,0)) -> 46000 | M2: =INDEX(products!$A$1:$F$51, MATCH(orders!$A2,products!$A$1:$A$51,0), MATCH(orders!M$1,products!$A$1:$F$1,0)) -> 25 | N2: =L2*F2 -> 92000
A3: 2 | B3: 2 | C3: 2 | D3: 46204 | E3: Processing | F3: 5 | G3: =_xlfn.XLOOKUP(C3,customers!$A$1:$A$53,customers!$B$1:$B$53,,) -> Mary | H3: =_xlfn.XLOOKUP(C3,customers!$A$1:$A$53,customers!$D$1:$D$53,,) -> mary.smith@gmail.com | I3: =INDEX(products!$A$1:$F$51, MATCH(orders!$A3,products!$A$1:$A$51,0), MATCH(orders!I$1,products!$A$1:$F$1,0)) -> HP Laptop | J3: =INDEX(products!$A$1:$F$51, MATCH(orders!$A3,products!$A$1:$A$51,0), MATCH(orders!J$1,products!$A$1:$F$1,0)) -> 3 | K3: =INDEX(products!$A$1:$F$51, MATCH(orders!$A3,products!$A$1:$A$51,0), MATCH(orders!K$1,products!$A$1:$F$1,0)) -> 2 | L3: =INDEX(products!$A$1:$F$51, MATCH(orders!$A3,products!$A$1:$A$51,0), MATCH(orders!L$1,products!$A$1:$F$1,0)) -> 42000 | M3: =INDEX(products!$A$1:$F$51, MATCH(orders!$A3,products!$A$1:$A$51,0), MATCH(orders!M$1,products!$A$1:$F$1,0)) -> 18 | N3: =L3*F3 -> 210000
A4: 3 | B4: 3 | C4: 3 | D4: 46205 | E4: Pending | F4: 1 | G4: =_xlfn.XLOOKUP(C4,customers!$A$1:$A$53,customers!$B$1:$B$53,,) -> Michael | H4: =_xlfn.XLOOKUP(C4,customers!$A$1:$A$53,customers!$D$1:$D$53,,) -> michael.johnson@gmail.com | I4: =INDEX(products!$A$1:$F$51, MATCH(orders!$A4,products!$A$1:$A$51,0), MATCH(orders!I$1,products!$A$1:$F$1,0)) -> Lenovo Laptop | J4: =INDEX(products!$A$1:$F$51, MATCH(orders!$A4,products!$A$1:$A$51,0), MATCH(orders!J$1,products!$A$1:$F$1,0)) -> 3 | K4: =INDEX(products!$A$1:$F$51, MATCH(orders!$A4,products!$A$1:$A$51,0), MATCH(orders!K$1,products!$A$1:$F$1,0)) -> 3 | L4: =INDEX(products!$A$1:$F$51, MATCH(orders!$A4,products!$A$1:$A$51,0), MATCH(orders!L$1,products!$A$1:$F$1,0)) -> 40000 | M4: =INDEX(products!$A$1:$F$51, MATCH(orders!$A4,products!$A$1:$A$51,0), MATCH(orders!M$1,products!$A$1:$F$1,0)) -> 20 | N4: =L4*F4 -> 40000
A5: 4 | B5: 4 | C5: 4 | D5: 46205 | E5: Shipped | F5: 3 | G5: =_xlfn.XLOOKUP(C5,customers!$A$1:$A$53,customers!$B$1:$B$53,,) -> Sarah | H5: =_xlfn.XLOOKUP(C5,customers!$A$1:$A$53,customers!$D$1:$D$53,,) -> sarah.williams@gmail.com | I5: =INDEX(products!$A$1:$F$51, MATCH(orders!$A5,products!$A$1:$A$51,0), MATCH(orders!I$1,products!$A$1:$F$1,0)) -> iPhone 15 | J5: =INDEX(products!$A$1:$F$51, MATCH(orders!$A5,products!$A$1:$A$51,0), MATCH(orders!J$1,products!$A$1:$F$1,0)) -> 4 | K5: =INDEX(products!$A$1:$F$51, MATCH(orders!$A5,products!$A$1:$A$51,0), MATCH(orders!K$1,products!$A$1:$F$1,0)) -> 4 | L5: =INDEX(products!$A$1:$F$51, MATCH(orders!$A5,products!$A$1:$A$51,0), MATCH(orders!L$1,products!$A$1:$F$1,0)) -> 65000 | M5: =INDEX(products!$A$1:$F$51, MATCH(orders!$A5,products!$A$1:$A$51,0), MATCH(orders!M$1,products!$A$1:$F$1,0)) -> 30 | N5: =L5*F5 -> 195000
A6: 5 | B6: 5 | C6: 5 | D6: 46206 | E6: Delivered | F6: 4 | G6: =_xlfn.XLOOKUP(C6,customers!$A$1:$A$53,customers!$B$1:$B$53,,) -> David | H6: =_xlfn.XLOOKUP(C6,customers!$A$1:$A$53,customers!$D$1:$D$53,,) -> david.brown@gmail.com | I6: =INDEX(products!$A$1:$F$51, MATCH(orders!$A6,products!$A$1:$A$51,0), MATCH(orders!I$1,products!$A$1:$F$1,0)) -> Samsung Galaxy S24 | J6: =INDEX(products!$A$1:$F$51, MATCH(orders!$A6,products!$A$1:$A$51,0), MATCH(orders!J$1,products!$A$1:$F$1,0)) -> 4 | K6: =INDEX(products!$A$1:$F$51, MATCH(orders!$A6,products!$A$1:$A$51,0), MATCH(orders!K$1,products!$A$1:$F$1,0)) -> 5 | L6: =INDEX(products!$A$1:$F$51, MATCH(orders!$A6,products!$A$1:$A$51,0), MATCH(orders!L$1,products!$A$1:$F$1,0)) -> 58000 | M6: =INDEX(products!$A$1:$F$51, MATCH(orders!$A6,products!$A$1:$A$51,0), MATCH(orders!M$1,products!$A$1:$F$1,0)) -> 22 | N6: =L6*F6 -> 232000
A7: 6 | B7: 6 | C7: 6 | D7: 46206 | E7: Cancelled | F7: 2 | G7: =_xlfn.XLOOKUP(C7,customers!$A$1:$A$53,customers!$B$1:$B$53,,) -> Emily | H7: =_xlfn.XLOOKUP(C7,customers!$A$1:$A$53,customers!$D$1:$D$53,,) -> emily.jones@gmail.com | I7: =INDEX(products!$A$1:$F$51, MATCH(orders!$A7,products!$A$1:$A$51,0), MATCH(orders!I$1,products!$A$1:$F$1,0)) -> iPad Air | J7: =INDEX(products!$A$1:$F$51, MATCH(orders!$A7,products!$A$1:$A$51,0), MATCH(orders!J$1,products!$A$1:$F$1,0)) -> 5 | K7: =INDEX(products!$A$1:$F$51, MATCH(orders!$A7,products!$A$1:$A$51,0), MATCH(orders!K$1,products!$A$1:$F$1,0)) -> 6 | L7: =INDEX(products!$A$1:$F$51, MATCH(orders!$A7,products!$A$1:$A$51,0), MATCH(orders!L$1,products!$A$1:$F$1,0)) -> 38000 | M7: =INDEX(products!$A$1:$F$51, MATCH(orders!$A7,products!$A$1:$A$51,0), MATCH(orders!M$1,products!$A$1:$F$1,0)) -> 15 | N7: =L7*F7 -> 76000
A8: 7 | B8: 7 | C8: 7 | D8: 46207 | E8: Delivered | F8: 6 | G8: =_xlfn.XLOOKUP(C8,customers!$A$1:$A$53,customers!$B$1:$B$53,,) -> James | H8: =_xlfn.XLOOKUP(C8,customers!$A$1:$A$53,customers!$D$1:$D$53,,) -> james.garcia@gmail.com | I8: =INDEX(products!$A$1:$F$51, MATCH(orders!$A8,products!$A$1:$A$51,0), MATCH(orders!I$1,products!$A$1:$F$1,0)) -> Wireless Mouse | J8: =INDEX(products!$A$1:$F$51, MATCH(orders!$A8,products!$A$1:$A$51,0), MATCH(orders!J$1,products!$A$1:$F$1,0)) -> 6 | K8: =INDEX(products!$A$1:$F$51, MATCH(orders!$A8,products!$A$1:$A$51,0), MATCH(orders!K$1,products!$A$1:$F$1,0)) -> 7 | L8: =INDEX(products!$A$1:$F$51, MATCH(orders!$A8,products!$A$1:$A$51,0), MATCH(orders!L$1,products!$A$1:$F$1,0)) -> 750 | M8: =INDEX(products!$A$1:$F$51, MATCH(orders!$A8,products!$A$1:$A$51,0), MATCH(orders!M$1,products!$A$1:$F$1,0)) -> 100 | N8: =L8*F8 -> 4500
A9: 8 | B9: 8 | C9: 8 | D9: 46207 | E9: Processing | F9: 3 | G9: =_xlfn.XLOOKUP(C9,customers!$A$1:$A$53,customers!$B$1:$B$53,,) -> Olivia | H9: =_xlfn.XLOOKUP(C9,customers!$A$1:$A$53,customers!$D$1:$D$53,,) -> olivia.miller@gmail.com | I9: =INDEX(products!$A$1:$F$51, MATCH(orders!$A9,products!$A$1:$A$51,0), MATCH(orders!I$1,products!$A$1:$F$1,0)) -> Mechanical Keyboard | J9: =INDEX(products!$A$1:$F$51, MATCH(orders!$A9,products!$A$1:$A$51,0), MATCH(orders!J$1,products!$A$1:$F$1,0)) -> 6 | K9: =INDEX(products!$A$1:$F$51, MATCH(orders!$A9,products!$A$1:$A$51,0), MATCH(orders!K$1,products!$A$1:$F$1,0)) -> 8 | L9: =INDEX(products!$A$1:$F$51, MATCH(orders!$A9,products!$A$1:$A$51,0), MATCH(orders!L$1,products!$A$1:$F$1,0)) -> 2500 | M9: =INDEX(products!$A$1:$F$51, MATCH(orders!$A9,products!$A$1:$A$51,0), MATCH(orders!M$1,products!$A$1:$F$1,0)) -> 60 | N9: =L9*F9 -> 7500
A10: 9 | B10: 9 | C10: 9 | D10: 46208 | E10: Pending | F10: 1 | G10: =_xlfn.XLOOKUP(C10,customers!$A$1:$A$53,customers!$B$1:$B$53,,) -> Daniel | H10: =_xlfn.XLOOKUP(C10,customers!$A$1:$A$53,customers!$D$1:$D$53,,) -> daniel.davis@gmail.com | I10: =INDEX(products!$A$1:$F$51, MATCH(orders!$A10,products!$A$1:$A$51,0), MATCH(orders!I$1,products!$A$1:$F$1,0)) -> Gaming Headset | J10: =INDEX(products!$A$1:$F$51, MATCH(orders!$A10,products!$A$1:$A$51,0), MATCH(orders!J$1,products!$A$1:$F$1,0)) -> 7 | K10: =INDEX(products!$A$1:$F$51, MATCH(orders!$A10,products!$A$1:$A$51,0), MATCH(orders!K$1,products!$A$1:$F$1,0)) -> 9 | L10: =INDEX(products!$A$1:$F$51, MATCH(orders!$A10,products!$A$1:$A$51,0), MATCH(orders!L$1,products!$A$1:$F$1,0)) -> 3200 | M10: =INDEX(products!$A$1:$F$51, MATCH(orders!$A10,products!$A$1:$A$51,0), MATCH(orders!M$1,products!$A$1:$F$1,0)) -> 45 | N10: =L10*F10 -> 3200
A11: 10 | B11: 10 | C11: 10 | D11: 46208 | E11: Shipped | F11: 5 | G11: =_xlfn.XLOOKUP(C11,customers!$A$1:$A$53,customers!$B$1:$B$53,,) -> Sophia | H11: =_xlfn.XLOOKUP(C11,customers!$A$1:$A$53,customers!$D$1:$D$53,,) -> sophia.wilson@gmail.com | I11: =INDEX(products!$A$1:$F$51, MATCH(orders!$A11,products!$A$1:$A$51,0), MATCH(orders!I$1,products!$A$1:$F$1,0)) -> Gaming Chair | J11: =INDEX(products!$A$1:$F$51, MATCH(orders!$A11,products!$A$1:$A$51,0), MATCH(orders!J$1,products!$A$1:$F$1,0)) -> 7 | K11: =INDEX(products!$A$1:$F$51, MATCH(orders!$A11,products!$A$1:$A$51,0), MATCH(orders!K$1,products!$A$1:$F$1,0)) -> 10 | L11: =INDEX(products!$A$1:$F$51, MATCH(orders!$A11,products!$A$1:$A$51,0), MATCH(orders!L$1,products!$A$1:$F$1,0)) -> 8500 | M11: =INDEX(products!$A$1:$F$51, MATCH(orders!$A11,products!$A$1:$A$51,0), MATCH(orders!M$1,products!$A$1:$F$1,0)) -> 12 | N11: =L11*F11 -> 42500
A12: 11 | B12: 11 | C12: 11 | D12: 46209 | E12: Delivered | F12: 2 | G12: =_xlfn.XLOOKUP(C12,customers!$A$1:$A$53,customers!$B$1:$B$53,,) -> Ethan | H12: =_xlfn.XLOOKUP(C12,customers!$A$1:$A$53,customers!$D$1:$D$53,,) -> ethan.moore@gmail.com | I12: =INDEX(products!$A$1:$F$51, MATCH(orders!$A12,products!$A$1:$A$51,0), MATCH(orders!I$1,products!$A$1:$F$1,0)) -> Office Desk | J12: =INDEX(products!$A$1:$F$51, MATCH(orders!$A12,products!$A$1:$A$51,0), MATCH(orders!J$1,products!$A$1:$F$1,0)) -> 9 | K12: =INDEX(products!$A$1:$F$51, MATCH(orders!$A12,products!$A$1:$A$51,0), MATCH(orders!K$1,products!$A$1:$F$1,0)) -> 11 | L12: =INDEX(products!$A$1:$F$51, MATCH(orders!$A12,products!$A$1:$A$51,0), MATCH(orders!L$1,products!$A$1:$F$1,0)) -> 6500 | M12: =INDEX(products!$A$1:$F$51, MATCH(orders!$A12,products!$A$1:$A$51,0), MATCH(orders!M$1,products!$A$1:$F$1,0)) -> 20 | N12: =L12*F12 -> 13000
A13: 12 | B13: 12 | C13: 12 | D13: 46209 | E13: Processing | F13: 4 | G13: =_xlfn.XLOOKUP(C13,customers!$A$1:$A$53,customers!$B$1:$B$53,,) -> Ava | H13: =_xlfn.XLOOKUP(C13,customers!$A$1:$A$53,customers!$D$1:$D$53,,) -> ava.taylor@gmail.com | I13: =INDEX(products!$A$1:$F$51, MATCH(orders!$A13,products!$A$1:$A$51,0), MATCH(orders!I$1,products!$A$1:$F$1,0)) -> Office Chair | J13: =INDEX(products!$A$1:$F$51, MATCH(orders!$A13,products!$A$1:$A$51,0), MATCH(orders!J$1,products!$A$1:$F$1,0)) -> 9 | K13: =INDEX(products!$A$1:$F$51, MATCH(orders!$A13,products!$A$1:$A$51,0), MATCH(orders!K$1,products!$A$1:$F$1,0)) -> 12 | L13: =INDEX(products!$A$1:$F$51, MATCH(orders!$A13,products!$A$1:$A$51,0), MATCH(orders!L$1,products!$A$1:$F$1,0)) -> 4200 | M13: =INDEX(products!$A$1:$F$51, MATCH(orders!$A13,products!$A$1:$A$51,0), MATCH(orders!M$1,products!$A$1:$F$1,0)) -> 35 | N13: =L13*F13 -> 16800
A14: 13 | B14: 13 | C14: 13 | D14: 46210 | E14: Delivered | F14: 3 | G14: =_xlfn.XLOOKUP(C14,customers!$A$1:$A$53,customers!$B$1:$B$53,,) -> Noah | H14: =_xlfn.XLOOKUP(C14,customers!$A$1:$A$53,customers!$D$1:$D$53,,) -> noah.anderson@gmail.com | I14: =INDEX(products!$A$1:$F$51, MATCH(orders!$A14,products!$A$1:$A$51,0), MATCH(orders!I$1,products!$A$1:$F$1,0)) -> Air Conditioner | J14: =INDEX(products!$A$1:$F$51, MATCH(orders!$A14,products!$A$1:$A$51,0), MATCH(orders!J$1,products!$A$1:$F$1,0)) -> 10 | K14: =INDEX(products!$A$1:$F$51, MATCH(orders!$A14,products!$A$1:$A$51,0), MATCH(orders!K$1,products!$A$1:$F$1,0)) -> 13 | L14: =INDEX(products!$A$1:$F$51, MATCH(orders!$A14,products!$A$1:$A$51,0), MATCH(orders!L$1,products!$A$1:$F$1,0)) -> 28000 | M14: =INDEX(products!$A$1:$F$51, MATCH(orders!$A14,products!$A$1:$A$51,0), MATCH(orders!M$1,products!$A$1:$F$1,0)) -> 10 | N14: =L14*F14 -> 84000
... A53: 52 | B53: 52 | C53: 52 | D53: 45887 | E53: Delivered | F53: 1 | G53: =_xlfn.XLOOKUP(C53,customers!$A$1:$A$53,customers!$B$1:$B$53,,) -> Jhonathan | H53: =_xlfn.XLOOKUP(C53,customers!$A$1:$A$53,customers!$D$1:$D$53,,) -> something | I53: =INDEX(products!$A$1:$F$51, MATCH(orders!$A53,products!$A$1:$A$51,0), MATCH(orders!I$1,products!$A$1:$F$1,0)) -> #N/A | J53: =INDEX(products!$A$1:$F$51, MATCH(orders!$A53,products!$A$1:$A$51,0), MATCH(orders!J$1,products!$A$1:$F$1,0)) -> #N/A | K53: =INDEX(products!$A$1:$F$51, MATCH(orders!$A53,products!$A$1:$A$51,0), MATCH(orders!K$1,products!$A$1:$F$1,0)) -> #N/A | L53: =INDEX(products!$A$1:$F$51, MATCH(orders!$A53,products!$A$1:$A$51,0), MATCH(orders!L$1,products!$A$1:$F$1,0)) -> #N/A | M53: =INDEX(products!$A$1:$F$51, MATCH(orders!$A53,products!$A$1:$A$51,0), MATCH(orders!M$1,products!$A$1:$F$1,0)) -> #N/A | N53: =L53*F53 -> #N/A

Sheet customers
A1: customer_id | B1: first_name | C1: last_name | D1: email | E1: phone | F1: address | G1: full_name
A2: 1 | B2: John | C2: Doe | D2: john.doe@gmail.com | E2: 9170000001 | F2: Manila | G2: =_xludf.xlookup(customers!C4) -> #NAME?
A3: 2 | B3: Mary | C3: Smith | D3: mary.smith@gmail.com | E3: 9170000002 | F3: Quezon City
A4: 3 | B4: Michael | C4: Johnson | D4: michael.johnson@gmail.com | E4: 9170000003 | F4: Cebu City
A5: 4 | B5: Sarah | C5: Williams | D5: sarah.williams@gmail.com | E5: 9170000004 | F5: Davao City
A6: 5 | B6: David | C6: Brown | D6: david.brown@gmail.com | E6: 9170000005 | F6: Makati
A7: 6 | B7: Emily | C7: Jones | D7: emily.jones@gmail.com | E7: 9170000006 | F7: Pasig
A8: 7 | B8: James | C8: Garcia | D8: james.garcia@gmail.com | E8: 9170000007 | F8: Taguig
A9: 8 | B9: Olivia | C9: Miller | D9: olivia.miller@gmail.com | E9: 9170000008 | F9: Baguio
A10: 9 | B10: Daniel | C10: Davis | D10: daniel.davis@gmail.com | E10: 9170000009 | F10: Iloilo
A11: 10 | B11: Sophia | C11: Wilson | D11: sophia.wilson@gmail.com | E11: 9170000010 | F11: Bacolod
A12: 11 | B12: Ethan | C12: Moore | D12: ethan.moore@gmail.com | E12: 9170000011 | F12: Cagayan de Oro
A13: 12 | B13: Ava | C13: Taylor | D13: ava.taylor@gmail.com | E13: 9170000012 | F13: General Santos
A14: 13 | B14: Noah | C14: Anderson | D14: noah.anderson@gmail.com | E14: 9170000013 | F14: Angeles
... A52: 51 | B52: Johnearly | C52: Dogie | D52: johnearly.dogiegmail.com | E52: 9170000002 | F52: Manila
A53: 52 | B53: Jhonathan | C53: Gonzaga | D53: something | G53: Gonzaga, Jhonathan

Sheet products
A1: product_id | B1: product_name | C1: category_id | D1: supplier_id | E1: price | F1: stock
A2: 1 | B2: Dell Laptop | C2: 3 | D2: 1 | E2: 46000 | F2: 25
A3: 2 | B3: HP Laptop | C3: 3 | D3: 2 | E3: 42000 | F3: 18
A4: 3 | B4: Lenovo Laptop | C4: 3 | D4: 3 | E4: 40000 | F4: 20
A5: 4 | B5: iPhone 15 | C5: 4 | D5: 4 | E5: 65000 | F5: 30
A6: 5 | B6: Samsung Galaxy S24 | C6: 4 | D6: 5 | E6: 58000 | F6: 22
A7: 6 | B7: iPad Air | C7: 5 | D7: 6 | E7: 38000 | F7: 15
A8: 7 | B8: Wireless Mouse | C8: 6 | D8: 7 | E8: 750 | F8: 100
A9: 8 | B9: Mechanical Keyboard | C9: 6 | D9: 8 | E9: 2500 | F9: 60
A10: 9 | B10: Gaming Headset | C10: 7 | D10: 9 | E10: 3200 | F10: 45
A11: 10 | B11: Gaming Chair | C11: 7 | D11: 10 | E11: 8500 | F11: 12
A12: 11 | B12: Office Desk | C12: 9 | D12: 11 | E12: 6500 | F12: 20
A13: 12 | B13: Office Chair | C13: 9 | D13: 12 | E13: 4200 | F13: 35
... A51: 50 | B51: Camping Tent | C51: 47 | D51: 50 | E51: 6500 | F51: 20
